<?xml version="1.0" encoding="UTF-8"?>
<beans xmlns="http://www.springframework.org/schema/beans"
	xmlns:mvc="http://www.springframework.org/schema/mvc" xmlns:xsi="http://www.w3.org/2001/XMLSchema-instance"
	xmlns:p="http://www.springframework.org/schema/p" xmlns:aop="http://www.springframework.org/schema/aop"
	xmlns:context="http://www.springframework.org/schema/context"
	xmlns:jee="http://www.springframework.org/schema/jee" xmlns:tx="http://www.springframework.org/schema/tx"
	xsi:schemaLocation="    
        http://www.springframework.org/schema/aop http://www.springframework.org/schema/aop/spring-aop-4.0.xsd  
        http://www.springframework.org/schema/beans http://www.springframework.org/schema/beans/spring-beans-4.0.xsd  
        http://www.springframework.org/schema/context http://www.springframework.org/schema/context/spring-context-4.0.xsd  
        http://www.springframework.org/schema/jee http://www.springframework.org/schema/jee/spring-jee-4.0.xsd         
        http://www.springframework.org/schema/tx http://www.springframework.org/schema/tx/spring-tx-4.0.xsd
        http://www.springframework.org/schema/mvc http://www.springframework.org/schema/mvc/spring-mvc-3.0.xsd">


	<context:component-scan base-package="com.Forever.controller,com.Forever.service">
	</context:component-scan>

	<mvc:annotation-driven />

	<!-- <mvc:interceptors>
		<mvc:interceptor>
			需拦截的地址
			二级目录
			<mvc:mapping path="/*/*.htm" />
			需排除拦截的地址
			<mvc:exclude-mapping path="/login.htm" />
		</mvc:interceptor>
	</mvc:interceptors> -->

	<bean
		class="org.springframework.web.servlet.mvc.method.annotation.RequestMappingHandlerMapping" />


	<!--Spring3.1开始的注解 HandlerAdapter -->
	<bean
		class="org.springframework.web.servlet.mvc.method.annotation.RequestMappingHandlerAdapter">
		<!--线程安全的访问session -->
		<property name="synchronizeOnSession" value="true" />
	</bean>

	<!-- 视图解析器 -->
	<bean
		class="org.springframework.web.servlet.view.InternalResourceViewResolver">
		<property name="viewClass"
			value="org.springframework.web.servlet.view.JstlView" />
		<property name="prefix" value="/WEB-INF/jsp/" />
		<property name="suffix" value=".jsp" />
	</bean>

	<!-- 处理器，name为映射名称 如果是自动扫面，千万不要写这个！！！ 重复声明了！ -->
	<!--<bean class="com.Forever.controller.UserController" /> -->
</beans>
