<?xml version="1.0" encoding="UTF-8" ?>
<!DOCTYPE mapper PUBLIC "-//mybatis.org//DTD Mapper 3.0//EN" "http://mybatis.org/dtd/mybatis-3-mapper.dtd" >
<mapper namespace="com.Forever.dao.UserMapper" >
  <resultMap id="BaseResultMap" type="com.Forever.model.User" >
    <id column="id" property="id" jdbcType="INTEGER" />
    <result column="account" property="account" jdbcType="FLOAT" />
    <result column="username" property="username" jdbcType="VARCHAR" />
    <result column="password" property="password" jdbcType="VARCHAR" />
    <result column="sex" property="sex" jdbcType="VARCHAR" />
    <result column="email" property="email" jdbcType="VARCHAR" />
    <result column="QQ" property="qq" jdbcType="INTEGER" />
    <result column="birthday" property="birthday" jdbcType="VARCHAR" />
    <result column="registerDate" property="registerDate" jdbcType="DATE" />
    <result column="rank" property="rank" jdbcType="VARCHAR" />
  </resultMap>
  <sql id="Example_Where_Clause" >
    <where >
      <foreach collection="oredCriteria" item="criteria" separator="or" >
        <if test="criteria.valid" >
          <trim prefix="(" suffix=")" prefixOverrides="and" >
            <foreach collection="criteria.criteria" item="criterion" >
              <choose >
                <when test="criterion.noValue" >
                  and ${criterion.condition}
                </when>
                <when test="criterion.singleValue" >
                  and ${criterion.condition} #{criterion.value}
                </when>
                <when test="criterion.betweenValue" >
                  and ${criterion.condition} #{criterion.value} and #{criterion.secondValue}
                </when>
                <when test="criterion.listValue" >
                  and ${criterion.condition}
                  <foreach collection="criterion.value" item="listItem" open="(" close=")" separator="," >
                    #{listItem}
                  </foreach>
                </when>
              </choose>
            </foreach>
          </trim>
        </if>
      </foreach>
    </where>
  </sql>
  <sql id="Update_By_Example_Where_Clause" >
    <where >
      <foreach collection="example.oredCriteria" item="criteria" separator="or" >
        <if test="criteria.valid" >
          <trim prefix="(" suffix=")" prefixOverrides="and" >
            <foreach collection="criteria.criteria" item="criterion" >
              <choose >
                <when test="criterion.noValue" >
                  and ${criterion.condition}
                </when>
                <when test="criterion.singleValue" >
                  and ${criterion.condition} #{criterion.value}
                </when>
                <when test="criterion.betweenValue" >
                  and ${criterion.condition} #{criterion.value} and #{criterion.secondValue}
                </when>
                <when test="criterion.listValue" >
                  and ${criterion.condition}
                  <foreach collection="criterion.value" item="listItem" open="(" close=")" separator="," >
                    #{listItem}
                  </foreach>
                </when>
              </choose>
            </foreach>
          </trim>
        </if>
      </foreach>
    </where>
  </sql>
  <sql id="Base_Column_List" >
    id, account, username, password, sex, email, QQ, birthday, registerDate, rank
  </sql>
  <select id="selectByExample" resultMap="BaseResultMap" parameterType="com.Forever.model.UserExample" >
    select
    <if test="distinct" >
      distinct
    </if>
    <include refid="Base_Column_List" />
    from user
    <if test="_parameter != null" >
      <include refid="Example_Where_Clause" />
    </if>
    <if test="orderByClause != null" >
      order by ${orderByClause}
    </if>
  </select>
  <select id="login" resultMap="BaseResultMap" parameterType="com.Forever.model.User" >
    select 
    <include refid="Base_Column_List" />
    from user
    where username = #{username,jdbcType=VARCHAR} and password = #{password,jdbcType=VARCHAR}
  </select>
  <delete id="deleteByPrimaryKey" parameterType="java.lang.Integer" >
    delete from user
    where id = #{id,jdbcType=INTEGER}
  </delete>
  <delete id="deleteByExample" parameterType="com.Forever.model.UserExample" >
    delete from user
    <if test="_parameter != null" >
      <include refid="Example_Where_Clause" />
    </if>
  </delete>
  <insert id="insert" parameterType="com.Forever.model.User" >
    insert into user (id, account, username, 
      password, sex, email, 
      QQ, birthday, registerDate, 
      rank)
    values (#{id,jdbcType=INTEGER}, #{account,jdbcType=REAL}, #{username,jdbcType=VARCHAR}, 
      #{password,jdbcType=VARCHAR}, #{sex,jdbcType=VARCHAR}, #{email,jdbcType=VARCHAR}, 
      #{qq,jdbcType=INTEGER}, #{birthday,jdbcType=VARCHAR}, #{registerDate,jdbcType=VARCHAR}, 
      #{rank,jdbcType=VARCHAR})
  </insert>
  <insert id="insertUserhome" parameterType="com.Forever.model.Userhome" >
    insert into userhome (id, u_id, visitcount, 
      listencount, pic, Identity_tag, 
      Style_tags, Stage_name, region, 
      Personalized_signature)
    values (#{id,jdbcType=INTEGER}, #{account,jdbcType=REAL}, #{username,jdbcType=VARCHAR}, 
      #{password,jdbcType=VARCHAR}, #{sex,jdbcType=VARCHAR}, #{email,jdbcType=VARCHAR}, 
      #{qq,jdbcType=INTEGER}, #{birthday,jdbcType=VARCHAR}, #{registerDate,jdbcType=VARCHAR}, 
      #{rank,jdbcType=VARCHAR})
  </insert>
  <insert id="insertSelective" parameterType="com.Forever.model.User" >
    insert into user
    <trim prefix="(" suffix=")" suffixOverrides="," >
      <if test="id != null" >
        id,
      </if>
      <if test="account != null" >
        account,
      </if>
      <if test="username != null" >
        username,
      </if>
      <if test="password != null" >
        password,
      </if>
      <if test="sex != null" >
        sex,
      </if>
      <if test="email != null" >
        email,
      </if>
      <if test="qq != null" >
        QQ,
      </if>
      <if test="birthday != null" >
        birthday,
      </if>
      <if test="registerDate != null" >
        registerDate,
      </if>
      <if test="rank != null" >
        rank,
      </if>
    </trim>
    <trim prefix="values (" suffix=")" suffixOverrides="," >
      <if test="id != null" >
        #{id,jdbcType=INTEGER},
      </if>
      <if test="account != null" >
        #{account,jdbcType=REAL},
      </if>
      <if test="username != null" >
        #{username,jdbcType=VARCHAR},
      </if>
      <if test="password != null" >
        #{password,jdbcType=VARCHAR},
      </if>
      <if test="sex != null" >
        #{sex,jdbcType=VARCHAR},
      </if>
      <if test="email != null" >
        #{email,jdbcType=VARCHAR},
      </if>
      <if test="qq != null" >
        #{qq,jdbcType=INTEGER},
      </if>
      <if test="birthday != null" >
        #{birthday,jdbcType=DATE},
      </if>
      <if test="registerDate != null" >
        #{registerDate,jdbcType=DATE},
      </if>
      <if test="rank != null" >
        #{rank,jdbcType=VARCHAR},
      </if>
    </trim>
  </insert>
  <select id="countByExample" parameterType="com.Forever.model.UserExample" resultType="java.lang.Integer" >
    select count(*) from user
    <if test="_parameter != null" >
      <include refid="Example_Where_Clause" />
    </if>
  </select>
  <update id="updateByExampleSelective" parameterType="map" >
    update user
    <set >
      <if test="record.id != null" >
        id = #{record.id,jdbcType=INTEGER},
      </if>
      <if test="record.account != null" >
        account = #{record.account,jdbcType=REAL},
      </if>
      <if test="record.username != null" >
        username = #{record.username,jdbcType=VARCHAR},
      </if>
      <if test="record.password != null" >
        password = #{record.password,jdbcType=VARCHAR},
      </if>
      <if test="record.sex != null" >
        sex = #{record.sex,jdbcType=VARCHAR},
      </if>
      <if test="record.email != null" >
        email = #{record.email,jdbcType=VARCHAR},
      </if>
      <if test="record.qq != null" >
        QQ = #{record.qq,jdbcType=INTEGER},
      </if>
      <if test="record.birthday != null" >
        birthday = #{record.birthday,jdbcType=DATE},
      </if>
      <if test="record.registerDate != null" >
        registerDate = #{record.registerDate,jdbcType=DATE},
      </if>
      <if test="record.rank != null" >
        rank = #{record.rank,jdbcType=VARCHAR},
      </if>
    </set>
    <if test="_parameter != null" >
      <include refid="Update_By_Example_Where_Clause" />
    </if>
  </update>
  <update id="updateByExample" parameterType="map" >
    update user
    set id = #{record.id,jdbcType=INTEGER},
      account = #{record.account,jdbcType=REAL},
      username = #{record.username,jdbcType=VARCHAR},
      password = #{record.password,jdbcType=VARCHAR},
      sex = #{record.sex,jdbcType=VARCHAR},
      email = #{record.email,jdbcType=VARCHAR},
      QQ = #{record.qq,jdbcType=INTEGER},
      birthday = #{record.birthday,jdbcType=DATE},
      registerDate = #{record.registerDate,jdbcType=DATE},
      rank = #{record.rank,jdbcType=VARCHAR}
    <if test="_parameter != null" >
      <include refid="Update_By_Example_Where_Clause" />
    </if>
  </update>
  <update id="updateByPrimaryKeySelective" parameterType="com.Forever.model.User" >
    update user
    <set >
      <if test="account != null" >
        account = #{account,jdbcType=REAL},
      </if>
      <if test="username != null" >
        username = #{username,jdbcType=VARCHAR},
      </if>
      <if test="password != null" >
        password = #{password,jdbcType=VARCHAR},
      </if>
      <if test="sex != null" >
        sex = #{sex,jdbcType=VARCHAR},
      </if>
      <if test="email != null" >
        email = #{email,jdbcType=VARCHAR},
      </if>
      <if test="qq != null" >
        QQ = #{qq,jdbcType=INTEGER},
      </if>
      <if test="birthday != null" >
        birthday = #{birthday,jdbcType=DATE},
      </if>
      <if test="registerDate != null" >
        registerDate = #{registerDate,jdbcType=DATE},
      </if>
      <if test="rank != null" >
        rank = #{rank,jdbcType=VARCHAR},
      </if>
    </set>
    where id = #{id,jdbcType=INTEGER}
  </update>
  <update id="updateByPrimaryKey" parameterType="com.Forever.model.User" >
    update user
    set account = #{account,jdbcType=REAL},
      username = #{username,jdbcType=VARCHAR},
      password = #{password,jdbcType=VARCHAR},
      sex = #{sex,jdbcType=VARCHAR},
      email = #{email,jdbcType=VARCHAR},
      QQ = #{qq,jdbcType=INTEGER},
      birthday = #{birthday,jdbcType=DATE},
      registerDate = #{registerDate,jdbcType=DATE},
      rank = #{rank,jdbcType=VARCHAR}
    where id = #{id,jdbcType=INTEGER}
  </update>
</mapper>